image_id,fold,group,annotator_entries
20110109104734Ch,0,0,1
20110114105034Ch,3,1,2
20110119082634Lh,2,2,1
20110123174914Mh,1,3,1
20110128174814Mh,0,4,3
20110203082634Lh,2,5,3
20110205082634Lh,2,5,2
20110211084114Th,3,6,1
20110213093414Th,3,6,2
20110215083814Th,3,6,3
20110220082634Lh,1,7,2
20110221173814Mh,1,7,1
20110301082654Uh,2,8,3
20110306082634Lh,2,9,3
20110312082634Lh,3,10,1
20110313082654Uh,3,10,1
20110317082654Uh,4,11,1
20110322005814Mh,0,12,3
20110324082614Th,0,12,2
20110325171014Mh,0,12,1
20110326170914Mh,0,12,1
20110327143554Bh,0,12,2
20110406082634Lh,4,13,1
20110410141654Bh,4,14,3
20110421164914Mh,2,15,1
20110425063154Uh,0,16,1
20110429135554Bh,1,17,3
20110502063154Uh,1,17,3
20110509121334Ch,3,18,1
20110510063134Lh,3,18,2
20110511063154Uh,3,18,1
20110517164514Mh,1,19,3
20110520063154Uh,1,19,1
20110521063134Lh,1,19,1
20110523063154Uh,1,19,1
20110525063154Uh,1,19,1
20110526122534Ch,1,19,1
20110530122834Ch,4,20,1
20110601063134Lh,4,20,1
20110603163414Mh,4,20,1
20110615133454Bh,0,21,1
20110616133454Bh,0,21,2
20110617063134Lh,0,21,1
20110619063134Lh,0,21,1
20110621063134Lh,0,21,1
20110623063134Lh,0,21,1
20110625163814Mh,0,21,1
20110707074514Th,3,22,2
20110711071214Th,4,23,2
20110724164614Mh,4,24,1
20110727063234Lh,4,24,3
20110728084714Th,4,24,1
20110803164914Mh,2,25,3
20110810063134Lh,4,26,1
20110815140454Bh,1,27,2
20110823120334Ch,2,28,3
20110824141054Bh,2,28,1
20110826074214Th,2,28,3
20110902073614Th,0,29,1
20110914063134Lh,0,30,3
20110918112834Ch,2,31,2
20110923112234Ch,0,32,1
20110923165814Mh,0,32,3
20111009110234Ch,4,33,3
20111011112054Uh,4,33,1
20111018063134Lh,2,34,2
20111019063154Uh,2,34,1
20111025080614Th,0,35,1
20111027145954Bh,0,35,3
20111029063154Uh,0,35,2
20111107063154Uh,2,36,1
20111112193254Bh,4,37,2
20111114082314Th,4,37,3
20111115063134Lh,4,37,1
20111116063134Lh,4,37,3
20111201063154Uh,3,38,1
20111206102934Ch,4,39,1
20111208063134Lh,4,39,1
20111214063134Lh,3,40,1
20111214132434Ch,3,40,2
20111215063134Lh,3,40,3
20111218085014Th,1,41,3
20111222063154Uh,0,42,3
20111223085314Th,0,42,1
20111226155454Bh,0,43,1
20111229063154Uh,0,43,3
20120103104134Ch,4,44,1
20120104063134Lh,4,44,2
20120110155754Bh,2,45,3
20120113104834Ch,2,45,2
20120114063154Uh,2,45,1
20120116063254Uh,2,45,1
20120127085214Th,4,46,1
20120131063154Uh,1,47,3
20120205172414Mh,3,48,3
20120206063134Lh,3,48,2
20120213063134Lh,2,49,1
20120215153654Bh,2,49,2
20120217063154Uh,2,49,1
20120217181154Bh,2,49,2
20120218173614Mh,2,49,1
20120223063154Uh,2,50,2
20120223152054Bh,2,50,1
20120225172914Mh,2,50,2
20120227161654Bh,2,50,1
20120306063154Uh,4,51,1
20120313063154Uh,1,52,1
20120318063154Uh,2,53,2
20120323144054Bh,1,54,1
20120328164614Mh,0,55,1
20120330063134Lh,0,55,2
20120330063154Uh,0,55,1
20120331142954Bh,0,55,2
20120403083114Th,0,55,1
20120403164114Mh,0,55,2
20120404063154Uh,0,55,3
20120414115434Ch,2,56,1
20120414175914Mh,2,56,1
20120421063154Uh,0,57,1
20120424072414Th,3,58,3
20120424120134Ch,3,58,1
20120427063154Uh,3,58,2
20120427162614Mh,3,58,1
20120430063154Uh,3,58,1
20120509163414Mh,4,59,1
20120519070814Th,4,60,3
20120523163014Mh,0,61,1
20120603123034Ch,1,62,3
20120610175114Mh,3,63,3
20120627162114Mh,2,64,1
20120703070814Th,2,65,3
20120712123634Ch,4,66,1
20120715123434Ch,4,66,3
20120720085114Th,1,67,3
20120723095014Th,2,68,3
20120725122934Ch,2,68,1
20120726071914Th,2,68,1
20120729122634Ch,3,69,3
20120730135454Bh,3,69,1
20120802090314Th,3,69,3
20120803102114Th,3,69,2
20120803164614Mh,3,69,1
20120810121634Ch,3,70,2
20120811121434Ch,3,70,3
20120813164714Mh,3,70,1
20120814140454Bh,3,70,1
20120814163114Mh,3,70,2
20120816072814Th,3,70,3
20120827085114Th,1,71,1
20120829063134Lh,1,71,1
20120901114934Ch,1,72,1
20120907141954Bh,3,73,1
20120910074014Th,3,73,3
20120913165314Mh,0,74,3
20120914063134Lh,0,74,2
20120917142654Bh,3,75,3
20120928063134Lh,3,76,1
20121006063534Lh,4,77,2
20121007131134Ch,4,77,2
20121009165914Mh,4,77,2
20121018063134Lh,4,78,1
20121021145454Bh,3,79,1
20121022145554Bh,3,79,1
20121024164714Mh,3,79,1
20121026063134Lh,3,79,1
20121027063134Lh,3,79,2
20121027165114Mh,3,79,3
20121030150354Bh,3,79,1
20121108155954Bh,1,80,1
20121109103634Ch,1,80,3
20121113103634Ch,4,81,3
20121114172254Bh,4,81,2
20121118092514Th,4,82,1
20121129063154Uh,0,83,3
20121207103034Ch,0,84,1
20121208171514Mh,0,84,1
20121218063534Lh,1,85,3
20121219063154Uh,1,85,1
20130107174854Bh,4,86,3
20130109130334Ch,4,86,1
20130110104734Ch,4,86,2
20130111104734Ch,4,86,1
20130116172814Mh,2,87,1
20130201084914Th,3,88,1
20130208063154Uh,2,89,1
20130211063134Lh,2,89,1
20130212153254Bh,2,89,1
20130214111534Ch,2,89,1
20130218220314Mh,3,90,3
20130219063134Lh,3,90,2
20130221063134Lh,3,90,3
20130222082914Th,3,90,1
20130225171214Mh,2,91,1
20130303063134Lh,4,92,1
20130303063154Uh,4,92,3
20130304170614Mh,4,92,1
20130305112734Ch,4,92,3
20130306172214Mh,4,92,1
20130314165714Mh,0,93,2
20130319144654Bh,4,94,3
20130324015554Uh,1,95,1
20130326063134Lh,1,95,1
20130327175114Mh,1,95,1
20130404063134Lh,0,96,1
20130405114734Ch,0,96,1
20130407063154Uh,0,96,2
20130411115134Ch,1,97,1
20130419070254Uh,4,98,1
20130423072414Th,3,99,1
20130425135954Bh,3,99,2
20130429063154Uh,1,100,2
20130502063134Lh,1,100,1
20130510134654Bh,3,101,1
20130517063134Lh,0,102,3
20130601063154Uh,3,103,1
20130609123334Ch,2,104,1
20130609173414Mh,2,104,1
20130611063154Uh,2,104,1
20130615002434Lh,1,105,1
20130616070414Th,1,105,1
20130628063134Lh,1,106,1
20130630070714Th,1,106,3
20130705161714Mh,3,107,1
20130707134154Bh,3,107,1
20130716162214Mh,3,108,1
20130717123434Ch,3,108,1
20130719140154Bh,3,108,3
20130725122934Ch,3,109,1
20130805135854Bh,1,110,1
20130807073114Th,1,110,2
20130808140054Bh,1,110,1
20130809072814Th,1,110,1
20130810121534Ch,1,110,1
20130811140254Bh,1,110,2
20130813060834Lh,1,110,3
20130824060834Lh,0,111,1
20130828141354Bh,1,112,2
20130901073614Th,1,113,1
20130903060834Lh,1,113,2
20130903141654Bh,1,113,2
20130905073714Th,1,113,1
20130913142354Bh,1,114,1
20130919060834Lh,0,115,1
20130921060834Lh,0,115,1
20130923060834Lh,0,115,2
20130925143254Bh,0,115,3
20130926060834Lh,0,115,1
20131006075314Th,3,116,2
20131007075314Th,3,116,3
20131011195414Mh,4,117,3
20131013185334Ch,4,117,1
20131016185334Ch,4,117,3
20131017185334Ch,4,117,2
20131019080114Th,4,117,1
20131020080114Th,4,117,1
20131025185414Mh,0,118,2
20131027025654Uh,0,118,3
20131028190734Ch,0,118,1
20131030185354Bh,0,118,1
20131031185614Mh,0,118,1
20131101222734Lh,0,118,2
20131107043054Uh,0,119,3
20131108045254Uh,0,119,1
20131109190514Mh,0,119,1
20131109222434Lh,0,119,2
20131113004514Mh,3,120,1
20131113185414Mh,3,120,1
20131115185414Mh,3,120,1
20131116185334Ch,3,120,1
20131125192154Bh,3,121,1
20131128192214Mh,1,122,2
20131130192134Ch,1,122,1
20131201192134Ch,1,122,1
20131204192154Bh,3,123,1
20131206084114Th,3,123,2
20131207084214Th,3,123,1
20131224192154Bh,0,124,1
20131225065154Uh,0,124,3
20131229112414Th,1,125,3
20140111224134Lh,4,126,1
20140112180134Ch,4,126,2
20140116180214Mh,4,127,1
20140122180214Mh,4,128,1
20140127180134Ch,3,129,2
20140128174554Bh,3,129,1
20140205180154Bh,2,130,3
20140210180154Bh,1,131,3
20140212024554Uh,1,131,2
20140213024554Uh,1,131,1
20140216230134Lh,0,132,3
20140218230234Lh,0,132,2
20140225163314Th,0,133,2
20140312025454Uh,4,134,1
20140312081114Th,4,134,2
20140321195814Mh,2,135,2
20140323020654Uh,2,135,1
20140401014754Uh,0,136,2
20140406195854Bh,1,137,3
20140409081614Th,1,137,1
20140411013854Uh,1,137,1
20140413195914Mh,1,137,2
20140414020354Uh,1,137,2
20140414195834Ch,1,137,3
20140420085614Th,3,138,1
20140428233234Lh,1,139,1
20140430071914Th,1,139,1
20140501195814Mh,1,139,1
20140508195834Ch,2,140,2
20140509071314Th,2,140,3
20140509195814Mh,2,140,3
20140513012554Uh,2,141,2
20140522070614Th,0,142,1
20140523195814Mh,0,142,1
20140525070514Th,0,142,1
20140531195834Ch,1,143,2
20140601195814Mh,1,143,1
20140603070414Th,1,143,1
20140604195854Bh,1,143,3
20140605195854Bh,1,143,2
20140607112354Uh,1,143,1
20140607195854Bh,1,143,1
20140609195854Bh,1,143,1
20140615195814Mh,3,144,1
20140615195854Bh,3,144,1
20140701195814Mh,2,145,1
20140705035754Uh,2,146,1
20140709195814Mh,2,147,1
20140710083214Th,2,147,3
20140712195854Bh,2,147,1
20140716195854Bh,2,148,1
20140719071414Th,2,148,1
20140720195834Ch,2,148,1
20140723071614Th,2,148,1
20140725195814Mh,2,148,1
20140726071814Th,2,148,1
20140802072114Th,4,149,1
20140803234534Lh,4,149,1
20140806195834Ch,4,149,2
20140807195854Bh,4,149,2
20140813064254Uh,4,150,2
20140814195854Bh,4,150,1
20140816072814Th,4,150,1
20140817195834Ch,4,150,1
20140818195814Mh,4,150,1
20140821195834Ch,0,151,1
20140903073614Th,0,152,1
20140904195814Mh,0,152,1
20140908175354Bh,0,153,1
20140908231334Lh,0,153,1
20140918195854Bh,4,154,1
20140921195854Bh,4,154,1
20140922195854Bh,4,154,1
20140927014554Uh,0,155,1
20141001195834Ch,2,156,1
20141004075414Th,2,156,2
20141006224634Lh,2,156,3
20141007224934Lh,2,156,1
20141009023454Uh,2,156,1
20141010195834Ch,2,156,1
20141012015654Uh,2,156,3
20141012195854Bh,2,156,1
20141013195834Ch,2,156,2
20141013195854Bh,2,156,1
20141016022554Uh,2,157,3
20141016195834Ch,2,157,3
20141022223334Lh,4,158,1
20141024195834Ch,4,158,1
20141025031154Uh,4,158,1
20141026024454Uh,4,158,1
20141027025054Uh,4,158,2
20141027224834Lh,4,158,2
20141105195814Mh,4,159,2
20141106195854Bh,4,159,3
20141112195854Bh,3,160,3
20141116222234Lh,1,161,1
20141129222134Lh,2,162,2
20141210201814Mh,3,163,2
20141214201834Ch,1,164,3
20141216222634Lh,1,164,3
20141225024354Uh,2,165,2
20141225172214Mh,2,165,1
20150112081954Uh,1,166,3
20150113105034Ch,1,166,3
20150113155654Bh,1,166,1
20150116082034Lh,1,166,3
20150119082034Lh,1,166,1
20150125172714Mh,1,167,3
20150130084914Th,1,168,1
20150203084714Th,0,169,1
20150207084414Th,3,170,1
20150216171714Mh,0,171,3
20150221155154Bh,4,172,3
20150222090014Th,4,172,1
20150222112034Ch,4,172,1
20150225171114Mh,4,173,1
20150228082414Th,4,173,3
20150302082034Lh,4,173,1
20150305081954Uh,4,173,1
20150308081954Uh,4,173,3
20150314081954Uh,1,174,1
20150315082034Lh,1,174,1
20150323172814Mh,2,175,1
20150324145954Bh,2,175,1
20150325015554Uh,2,175,3
20150327145114Th,2,175,1
20150330081954Uh,2,175,2
20150409081954Uh,0,176,1
20150417082314Th,1,177,1
20150421140454Bh,2,178,3
20150423120034Ch,2,178,3
20150427162314Mh,2,179,3
20150501120634Ch,0,180,1
20150518145654Bh,1,181,2
20150527082014Th,2,182,1
20150527161214Mh,2,182,2
20150531082034Lh,0,183,2
20150610082014Th,1,184,2
20150614162514Mh,0,185,3
20150615133554Bh,0,185,1
20150617161314Mh,0,185,2
20150620082014Th,0,185,1
20150621161314Mh,0,185,1
20150625082014Th,2,186,1
20150625082034Lh,2,186,3
20150626161514Mh,2,186,2
20150627133754Bh,2,186,1
20150629161614Mh,2,186,1
20150630083214Th,2,186,1
20150706083014Th,3,187,2
20150716162114Mh,0,188,2
20150718082014Th,0,188,1
20150719182314Mh,0,188,1
20150720082014Th,0,188,2
20150727082014Th,3,189,2
20150731082034Lh,4,190,3
20150806082034Lh,4,191,2
20150819082014Th,4,192,3
20150820152254Bh,4,192,1
20150825082034Lh,4,193,3
20150830084134Lh,1,194,1
20150913082014Th,1,195,1
20150916055454Uh,1,195,1
20150919165814Mh,2,196,1
20150926111934Ch,4,197,1
20150927111834Ch,4,197,3
20151011144554Bh,0,198,1
20151013144654Bh,0,198,1
20151019223534Lh,3,199,1
20151105133734Ch,3,200,1
20151106171514Mh,3,200,1
20151107133734Ch,3,200,1
20151116201114Mh,3,201,1
20151116224034Lh,3,201,1
20151117172314Mh,3,201,3
20151118172314Mh,3,201,1
20151119133734Ch,3,201,2
20151122172614Mh,3,202,3
20151128133714Th,1,203,1
20151128133734Ch,1,203,2
20151128222134Lh,1,203,1
20151209201754Bh,0,204,1
20151212171154Bh,0,204,1
20151213023454Uh,0,204,1
20151219133734Ch,3,205,1
20151224133734Ch,2,206,1
20151226133734Ch,2,206,1
20151228024254Uh,2,206,1
20160101133714Th,3,207,3
20160103133734Ch,3,207,1
20160107133714Th,1,208,1
20160110133714Th,1,208,1
20160125154854Bh,3,209,1
20160127225034Lh,3,209,1
20160129225334Lh,3,209,1
20160201025254Uh,3,209,1
20160204133734Ch,2,210,2
20160213153054Bh,2,211,3
20160215133734Ch,2,211,3
20160215175514Mh,2,211,1
20160223173514Mh,0,212,2
20160225173314Mh,0,212,3
20160226173214Mh,0,212,2
20160229151254Bh,0,212,3
20160302133734Ch,0,212,1
20160309172214Mh,4,213,1
20160310133734Ch,4,213,3
20160315133714Th,2,214,2
20160317232434Lh,2,214,1
20160320133714Th,2,214,3
20160326143654Bh,2,215,1
20160327170714Mh,2,215,1
20160401133734Ch,1,216,1
20160401170314Mh,1,216,3
20160402025254Uh,1,216,2
20160403170114Mh,1,216,3
20160408232234Lh,4,217,1
20160411134234Ch,4,217,1
20160430133714Th,0,218,2
20160430133734Ch,0,218,1
20160501143154Bh,0,218,2
20160510163914Mh,4,219,1
20160516012454Uh,3,220,1
20160518011654Uh,3,220,1
20160526011254Uh,3,221,3
20160530234734Lh,1,222,1
20160604163414Mh,4,223,1
20160606163514Mh,4,223,2
20160609133654Bh,4,223,1
20160617133654Bh,4,224,3
20160619133714Th,4,224,1
20160627133734Ch,3,225,1
20160628152654Bh,3,225,2
20160629133714Th,3,225,1
20160703133714Th,1,226,3
20160714235434Lh,0,227,2
20160720133734Ch,1,228,1
20160724135554Bh,2,229,1
20160726135354Bh,2,229,1
20160804133734Ch,3,230,1
20160808133714Th,1,231,1
20160809164914Mh,1,231,1
20160810234034Lh,1,231,3
20160831133714Th,4,232,1
20160920230134Lh,1,233,3
20160925165814Mh,2,234,1
20160925225634Lh,2,234,1
20160927133734Ch,2,234,1
20160928143554Bh,2,234,2
20161002225034Lh,2,235,1
20161012133734Ch,1,236,1
20161013133734Ch,1,236,1
20161023133814Th,4,237,1
20161105222634Lh,4,238,1
20161108021454Uh,4,238,1
20161109171714Mh,4,238,1
20161110151454Bh,4,238,2
20161116133714Th,1,239,1
20161129022454Uh,0,240,2
20161201160954Bh,0,240,1
20161205133714Th,1,241,3
20161210133714Th,1,242,1
20161217133734Ch,0,243,1
20161222133714Th,3,244,2
20161223133734Ch,3,244,1
20161224024154Uh,3,244,3
20161229133734Ch,1,245,1
20161231133734Ch,1,245,2
20170102024454Uh,1,245,1
20170103030554Uh,1,245,3
20170106133714Th,3,246,1
20170107133714Th,3,246,1
20170117175014Mh,0,247,3
20170119031254Uh,0,247,3
20170122034654Uh,3,248,1
20170125133734Ch,2,249,1
20170217165250Bh,1,250,1
20170218173710Mh,1,250,2
20170222133710Th,2,251,2
20170310133730Ch,3,252,1
20170310173450Bh,3,252,1
20170316133730Ch,0,253,1
20170322015550Uh,4,254,1
20170323041730Lh,4,254,1
20170327143550Bh,2,255,2
20170329133730Ch,2,255,2
20170408133710Th,2,256,1
20170411013550Uh,2,256,1
20170415145450Bh,0,257,1
20170417014150Uh,0,257,2
20170417232530Lh,0,257,1
20170418013450Uh,0,257,3
20170423014350Uh,1,258,1
20170425133730Ch,1,258,2
20170427154550Bh,1,258,1
20170502233130Lh,3,259,3
20170503013050Uh,3,259,1
20170609133710Th,1,260,3
20170612135150Bh,0,261,1
20170619012150Uh,2,262,1
20170701235630Lh,3,263,1
20170702133730Ch,3,263,1
20170719235330Lh,0,264,1
20170722235230Lh,0,264,1
20170726235030Lh,4,265,3
20170728150230Ch,4,265,3
20170801164710Mh,3,266,1
20170804140650Bh,3,266,3
20170805133710Th,3,266,1
20170806133710Th,3,266,1
20170809164910Mh,4,267,1
20170827165310Mh,2,268,3
20170831170750Bh,4,269,2
20170925225630Lh,3,270,1
20170927143450Bh,3,270,3
20171004143950Bh,4,271,2
20171005133730Ch,4,271,1
20171005144050Bh,4,271,1
20171007133710Th,4,271,1
20171007133730Ch,4,271,2
20171008144250Bh,4,271,2
20171011170310Mh,2,272,3
20171011224130Lh,2,272,1
20171014133730Ch,2,272,1
20171022170710Mh,3,273,2
20171025133730Ch,3,273,1
20171025223130Lh,3,273,2
20171027223030Lh,3,273,2
20171029150150Bh,3,273,3
20171101133730Ch,3,273,3
20171103222630Lh,3,273,2
20171106171510Mh,2,274,2
20171109023950Uh,2,274,1
20171114133730Ch,4,275,1
20171115170950Bh,4,275,2
20171115222230Lh,4,275,2
20171121222130Lh,0,276,1
20171123133730Ch,0,276,1
20171123222130Lh,0,276,3
20180109223930Lh,4,277,1
20180112130330Ch,4,277,2
20180202130330Ch,4,278,3
20180301050430Lh,0,279,1
20180306081810Th,2,280,3
20180309000910Mh,2,280,2
20180318020350Uh,4,281,3
20180318232230Lh,4,281,2
20180506140230Ch,4,282,1
20180710031950Uh,0,283,1
20180712123630Ch,0,283,1
20180714000010Mh,0,283,1
20180801232450Bh,3,284,1
20180804234530Lh,0,285,3
20180805232510Mh,0,285,2
20180825205030Ch,0,286,3
20180827232530Lh,0,286,1
20180923112330Ch,1,287,1
20180924112030Ch,1,287,1
20180925000030Lh,1,287,1
20180926014350Uh,1,287,2
20181014105830Ch,0,288,1
20181023232430Lh,1,289,1
20181024232430Lh,1,289,1
20181101230010Mh,1,290,2
20181102104630Ch,1,290,1
20190317145150Bh,1,291,1
20190322144450Bh,0,292,1
20190412025430Lh,2,293,3
20190602025430Lh,4,294,2
20190609123330Ch,0,295,2
20190611032810Mh,0,295,3
20190626025430Lh,4,296,3
20190629163710Mh,1,297,1
20190701123830Ch,1,297,2
20190704123830Ch,1,297,1
20190805054730Lh,3,298,1
20190925165810Mh,2,299,1
20190926165810Mh,2,299,2
20190927165910Mh,2,299,1
20200105073250Uh,4,300,1
20200110073230Lh,0,301,3
20200114073230Lh,3,302,2
20200116073250Uh,3,302,1
20200619123010Th,1,303,1
20200806053830Lh,2,304,1
20201022223330Lh,3,305,1
20201227202710Mh,4,306,3
20201228202430Ch,4,306,1
20210103223630Lh,3,307,1
20210201020330Lh,0,308,3
20210222222850Bh,1,309,2
20210223222830Ch,1,309,3
20210329015250Uh,4,310,1
20210329114430Ch,4,310,1
20210331231510Mh,4,310,2
20210616142650Bh,2,311,2
20210620163530Mh,4,312,1
20210621133650Bh,4,312,1
20210624133950Bh,3,313,2
20210626060050Uh,3,313,1
20210626133950Bh,3,313,2
20210721123430Ch,3,314,1
20210728164530Mh,3,315,1
20210731074710Th,3,315,1
20210810121630Ch,0,316,1
20210812044930Lh,0,316,1
20210814044930Lh,0,316,1
20210815140550Bh,0,316,1
20210817165030Mh,0,316,3
20211016145050Bh,1,317,1
20211119103130Ch,4,318,1
20211222120130Ch,1,319,1
20211225025850Uh,1,319,3
20211229120130Ch,2,320,1
20211229120210Th,2,320,1
20211231223430Lh,2,320,2
20220104043050Uh,4,321,1
20220122085210Th,2,322,2
20220328143550Bh,0,323,3
20220418020950Uh,1,324,1
20220617185352Mh,2,325,1
20220618185332Bh,2,325,1
20220622205632Bh,1,326,3
20220710085152Th,0,327,1
20220718185352Mh,1,328,1
20220721185332Bh,1,328,3
20220724185352Mh,2,329,1
20220803074752Th,0,330,1
